company,icp_segment,icp_label,icp_score,warm_score,raw_score,open_positions,portals_seen,contact_email,all_emails,contact_phone,company_url,first_url,positions,salaries,locations,warm_signals,description_excerpt,full_description,tech_stack,source_search,icp_service,icp_match,all_urls,ico,dic,sidlo_full,sidlo_mesto,sidlo_psc,nace_first,nace_friendly,legal_form,founded_year,employees_band,ares_url,ares_match_name
VLTAVA LABE MEDIA a.s.,paid_media,Paid media specialist,57,15,3,1,jobs.cz,,,834 160 137,,https://www.jobs.cz/rpd/2001161872/?searchId=3894bdd1-1436-41df-9887-228e350708c6&rps=233,PPC specialista/tka (Google Ads & Meta Ads),,Praha – Jinonice,raw_match_3,,"PPC specialista/tka (Google Ads &amp; Meta Ads) – VLTAVA LABE MEDIA a.s. var jobs = jobs || {}; jobs.areLinksAbsolute = false; jobs.fosRoutingUpdateScheme = function (routes) { var protocol = window.location.protocol; routes.scheme = protocol.substring(0, protocol.length - 1); fos.Router.setData(routes); }; jobs.isDevEnvironment = false; jobs.isInternalRequest = false; jobs.isJobAdEmailOfferingEnabled = true; jobs.isPreview = false; jobs.isRecommendationEnabled = true; jobs.isSendingInteractionsEnabled = false; jobs.isTemporaryJob = false; jobs.isUserLoggedIn = false; jobs.locale = ""cs""; jobs.sessionLog = {}; jobs.sessionLog.timeId = ""e13487c8-87e2-4ba4-9dd6-9f1132d4bd69""; jobs.userId = """"; window.dataLayer = window.dataLayer || []; jobs.adVariant = 'FP'; (function (w, d, s, l, i) { w[l] = w[l] || []; w[l].push({'gtm.start': new Date().getTime(), event: 'gtm.js'}); var f = d.getElementsByTagName(s)[0], j = d.createElement(s), dl = l != 'dataLayer' ? '&l=' + l : ''; j.async = true; j.src = '//www.googletagmanager.com/gtm.js?id=' + i + dl; f.parentNode.insertBefore(j, f); })(window, document, 'script', 'dataLayer', 'GTM-TVVHFM'); Přihlásit Menu Nabídky práce Brigády Inspirace Zaměstnavatelé Vytvořit si životopis Nové Napište si skvělý životopis. Můžete si ho uložit, vytisknout nebo poslat do světa. Přihlásit Pro firmy Close Nabídky práce Brigády Inspirace Zaměstnavatelé Vytvořit si životopis Nové Přihlásit Pro firmy Close Přihlásit Pro firmy Nabídka Pracovní nabídka O nás Volná",,icp-paid-media,Meta Ads / Google Ads agency (25-50k Kč/měs retainer),PPC specialist,https://www.jobs.cz/rpd/2001161872/?searchId=3894bdd1-1436-41df-9887-228e350708c6&rps=233,01440578,CZ01440578,U Trezorky 921 Praha 15800,Praha,15800,471,Maloobchod,121,2013,,https://ares.gov.cz/ekonomicke-subjekty/?ico=01440578,VLTAVA LABE MEDIA a.s.
PLOTOVÉ CENTRUM KOPEČEK s.r.o.,paid_media,Paid media specialist,52,15,2,1,jobs.cz,,,966596917,,https://www.jobs.cz/rpd/2001208376/?searchId=ef3b2a56-45aa-407f-ba2d-62568c71e940&rps=233,Marketing PPC Specialista – Google & Meta Ads | Rajhrad u Brna,,Rajhrad,"raw_match_2, recent",,"Marketing PPC Specialista – Google &amp; Meta Ads | Rajhrad u Brna – PLOTOVÉ CENTRUM KOPEČEK s.r.o. var jobs = jobs || {}; jobs.areLinksAbsolute = false; jobs.fosRoutingUpdateScheme = function (routes) { var protocol = window.location.protocol; routes.scheme = protocol.substring(0, protocol.length - 1); fos.Router.setData(routes); }; jobs.isDevEnvironment = false; jobs.isInternalRequest = false; jobs.isJobAdEmailOfferingEnabled = true; jobs.isPreview = false; jobs.isRecommendationEnabled = true; jobs.isSendingInteractionsEnabled = false; jobs.isTemporaryJob = false; jobs.isUserLoggedIn = false; jobs.locale = ""cs""; jobs.sessionLog = {}; jobs.sessionLog.timeId = ""31f5e573-eb24-4a8b-90e2-b70175145922""; jobs.userId = """"; window.dataLayer = window.dataLayer || []; jobs.adVariant = 'PD'; (function (w, d, s, l, i) { w[l] = w[l] || []; w[l].push({'gtm.start': new Date().getTime(), event: 'gtm.js'}); var f = d.getElementsByTagName(s)[0], j = d.createElement(s), dl = l != 'dataLayer' ? '&l=' + l : ''; j.async = true; j.src = '//www.googletagmanager.com/gtm.js?id=' + i + dl; f.parentNode.insertBefore(j, f); })(window, document, 'script', 'dataLayer', 'GTM-TVVHFM'); Přihlásit Menu Nabídky práce Brigády Inspirace Zaměstnavatelé Vytvořit si životopis Nové Napište si skvělý životopis. Můžete si ho uložit, vytisknout nebo poslat do světa. Přihlásit Pro firmy Close Nabídky práce Brigády Inspirace Zaměstnavatelé Vytvořit si životopis Nové Přihlásit Pro firmy Close Přihlásit Pro firmy Nabídky p",,icp-paid-media,Meta Ads / Google Ads agency (25-50k Kč/měs retainer),PPC Specialist,https://www.jobs.cz/rpd/2001208376/?searchId=ef3b2a56-45aa-407f-ba2d-62568c71e940&rps=233,25510908,CZ25510908,Stará pošta 67 Rajhrad 66461,Rajhrad,66461,23,,112,1997,,https://ares.gov.cz/ekonomicke-subjekty/?ico=25510908,PLOTOVÉ CENTRUM KOPEČEK s.r.o.
Scalepunk,paid_media,Paid media specialist,49,15,1,2,jobs.cz,,,966596917,,https://www.jobs.cz/rpd/2001005129/?searchId=ef3b2a56-45aa-407f-ba2d-62568c71e940&rps=233,Performance Marketing Manager (Mid-Level) | Senior PPC specialist,,Praha – Karlín,senior_role,,"Performance Marketing Manager (Mid-Level) – Scalepunk var jobs = jobs || {}; jobs.areLinksAbsolute = false; jobs.fosRoutingUpdateScheme = function (routes) { var protocol = window.location.protocol; routes.scheme = protocol.substring(0, protocol.length - 1); fos.Router.setData(routes); }; jobs.isDevEnvironment = false; jobs.isInternalRequest = false; jobs.isJobAdEmailOfferingEnabled = true; jobs.isPreview = false; jobs.isRecommendationEnabled = true; jobs.isSendingInteractionsEnabled = false; jobs.isTemporaryJob = false; jobs.isUserLoggedIn = false; jobs.locale = ""cs""; jobs.sessionLog = {}; jobs.sessionLog.timeId = ""28993c67-f697-4be5-ad74-902e58e73bed""; jobs.userId = """"; window.dataLayer = window.dataLayer || []; jobs.adVariant = 'PD'; (function (w, d, s, l, i) { w[l] = w[l] || []; w[l].push({'gtm.start': new Date().getTime(), event: 'gtm.js'}); var f = d.getElementsByTagName(s)[0], j = d.createElement(s), dl = l != 'dataLayer' ? '&l=' + l : ''; j.async = true; j.src = '//www.googletagmanager.com/gtm.js?id=' + i + dl; f.parentNode.insertBefore(j, f); })(window, document, 'script', 'dataLayer', 'GTM-TVVHFM'); Přihlásit Menu Nabídky práce Brigády Inspirace Zaměstnavatelé Vytvořit si životopis Nové Napište si skvělý životopis. Můžete si ho uložit, vytisknout nebo poslat do světa. Přihlásit Pro firmy Close Nabídky práce Brigády Inspirace Zaměstnavatelé Vytvořit si životopis Nové Přihlásit Pro firmy Close Přihlásit Pro firmy Nabídky práce Nabídky práce Detail nabídky Performance ",,"icp-paid-media, marketing-leadership, smoke-multi, smoke-test",Meta Ads / Google Ads agency (25-50k Kč/měs retainer),PPC specialist,https://www.jobs.cz/rpd/2001005129/?searchId=ef3b2a56-45aa-407f-ba2d-62568c71e940&rps=233 | https://www.jobs.cz/rpd/2001021349/?searchId=d12a7c06-6cfe-4574-8886-50f971ab2d4c&rps=233,07178620,CZ07178620,Na příkopě 857 Praha 11000,Praha,11000,00,,112,2018,,https://ares.gov.cz/ekonomicke-subjekty/?ico=07178620,Scalepunk s.r.o.
"Seznam.cz, a.s.",paid_media,Paid media specialist,47,15,1,1,jobs.cz,,,966596917,,https://www.jobs.cz/rpd/2001099876/?searchId=3c2f030e-3274-4012-9c32-0be47dade37f&rps=233,Senior Social Ads & PPC Specialist,,Praha,senior_role,,"Senior Social Ads & PPC Specialist"",""id"":""2001099876"",""price"":""1.00"",""brand"":""Seznam.cz, a.s. 229258"",""category"":""JD\/Marketing-Média, reklama a PR\/Marketingová strategie-PPC specialista-Specialista marketingu"",""variant"":""FP"",""dimension23"":""badge""}]}},""event"":""showDetail""}); jobs.sendRecommendationInteraction( ""\/api\/recommendation-interactions\/detailviews\/2001099876\/"" ); jobs.adId = ""2001099876""; jobs.adName = ""Senior Social Ads & PPC Specialist""; jobs.isSalaryVisible = false; jobs.search = { 'state': {""agent"":{""userId"":"""",""userEmail"":"""",""label"":""Senior Social Ads & PPC Specialist"",""interests"":[{""id"":200900017,""type"":""field"",""label"":""Marketing""},{""id"":200900018,""type"":""field"",""label"":""M\u00e9dia, reklama a PR""},{""id"":201100154,""type"":""profession"",""label"":""Marketingov\u00e1 strategie""},{""id"":201100633,""type"":""profession"",""label"":""PPC specialista""},{""id"":201100291,""type"":""profession"",""label"":""Specialista marketingu""}],""locality"":{""id"":""M200002"",""label"":""Praha"",""coords"":""""}},""interest"":{""selected"":[{""value"":""200900017"",""label"":""Marketing"",""type"":""field"",""highlightFrom"":null,""highlightTo"":null},{""value"":""200900018"",""label"":""M\u00e9dia, reklama a PR"",""type"":""field"",""highlightFrom"":null,""highlightTo"":null},{""value"":""201100154"",""label"":""Marketingov\u00e1 strategie"",""type"":""profession"",""highlightFrom"":null,""highlightTo"":null},{""value"":""201100633"",""label"":""PPC specialista"",""type"":""profession"",""highlightFrom"":null,""highlightTo"":null},{""value"":""201100291"",""label"":""Specialista mark",,icp-paid-media,Meta Ads / Google Ads agency (25-50k Kč/měs retainer),PPC Specialist,https://www.jobs.cz/rpd/2001099876/?searchId=3c2f030e-3274-4012-9c32-0be47dade37f&rps=233,26168685,CZ26168685,Radlická 3294 Praha 15000,Praha,15000,46900,Velkoobchod,121,2000,,https://ares.gov.cz/ekonomicke-subjekty/?ico=26168685,"Seznam.cz, a.s."
Alza.cz,paid_media,Paid media specialist,47,10,2,1,startupjobs,a37119ef5ed24627e2e5d44766e52a33@o1180155.ingest.us.sentry.io,a37119ef5ed24627e2e5d44766e52a33@o1180155.ingest.us.sentry.io,282986 263,,https://www.startupjobs.cz/nabidka/103333/ppc-specialist-performance,PPC Specialist / Performance,,Praha,raw_match_2,,"PPC Specialist / Performance | StartupJobs.cz window.broadstreet = window.broadstreet || { run: [] }; window.broadstreet.run.push(function() { broadstreet.watch(); }); :root{--100vw:99vw}@media(max-width:767px){.intercom-dfosxs,.intercom-lightweight-app-launcher{bottom:90px!important}} html{scroll-behavior:auto!important}::-moz-selection{background-color:var(--color-blue-700,oklch(49.71% .282986 263.915))!important;color:var(--color-white,#fff)!important}::selection{background-color:var(--color-blue-700,oklch(49.71% .282986 263.915))!important;color:var(--color-white,#fff)!important}#__nuxt{height:100%} input[type=number][data-v-0135a619]{-moz-appearance:textfield}input[data-v-0135a619]::-webkit-inner-spin-button,input[data-v-0135a619]::-webkit-outer-spin-button{appearance:none;-webkit-appearance:none;-moz-appearance:none} try{(function(w,d){!function(F,G,H,I){if(F.zaraz)console.error(""zaraz is loaded twice"");else{F[H]=F[H]||{};F[H].executed=[];F.zaraz={deferred:[],listeners:[]};F.zaraz._v=""5882"";F.zaraz._n=""8384eb79-7952-4384-aca8-c39ca21dae96"";F.zaraz.q=[];F.zaraz._f=function(J){return async function(){var K=Array.prototype.slice.call(arguments);F.zaraz.q.push({m:J,a:K})}};for(const L of[""track"",""set"",""debug""])F.zaraz[L]=F.zaraz._f(L);F.zaraz.init=()=>{var M=G.getElementsByTagName(I)[0],N=G.createElement(I),O=G.getElementsByTagName(""title"")[0];O&&(F[H].t=G.getElementsByTagName(""title"")[0].text);F[H].x=Math.random();F[H].w=F.screen.width;F[H].h=F.screen.height;F[H].j=F.inner",,icp-paid-media,Meta Ads / Google Ads agency (25-50k Kč/měs retainer),PPC Specialist,https://www.startupjobs.cz/nabidka/103333/ppc-specialist-performance,27082440,CZ27082440,Jankovcova 1522 Praha 17000,Praha,17000,33140,,121,2003,,https://ares.gov.cz/ekonomicke-subjekty/?ico=27082440,Alza.cz a.s.
"BEWIT Natural Medicine, s.r.o.",marketing_leader,Marketing leadership,44,0,3,2,jobs.cz,,,966596917,,https://www.jobs.cz/rpd/2001184266/?searchId=599193b9-aad2-4423-84a5-11bdb4b480e2&rps=233,CMO / Marketingový ředitel - lídr marketingu s inteligencí a srdcem | CMO / Marketingový ředitel - lídr marketingu s inteligencí a srdcem (Ostrava),,"Ostrava – Slezská Ostrava, Česká republika",,,"CMO / Marketingový ředitel - lídr marketingu s inteligencí a srdcem – BEWIT Natural Medicine, s.r.o. var jobs = jobs || {}; jobs.areLinksAbsolute = false; jobs.fosRoutingUpdateScheme = function (routes) { var protocol = window.location.protocol; routes.scheme = protocol.substring(0, protocol.length - 1); fos.Router.setData(routes); }; jobs.isDevEnvironment = false; jobs.isInternalRequest = false; jobs.isJobAdEmailOfferingEnabled = true; jobs.isPreview = false; jobs.isRecommendationEnabled = true; jobs.isSendingInteractionsEnabled = false; jobs.isTemporaryJob = false; jobs.isUserLoggedIn = false; jobs.locale = ""cs""; jobs.sessionLog = {}; jobs.sessionLog.timeId = ""08073e7e-7c73-46ac-aca4-58c0d0869df5""; jobs.userId = """"; window.dataLayer = window.dataLayer || []; jobs.adVariant = 'PD'; (function (w, d, s, l, i) { w[l] = w[l] || []; w[l].push({'gtm.start': new Date().getTime(), event: 'gtm.js'}); var f = d.getElementsByTagName(s)[0], j = d.createElement(s), dl = l != 'dataLayer' ? '&l=' + l : ''; j.async = true; j.src = '//www.googletagmanager.com/gtm.js?id=' + i + dl; f.parentNode.insertBefore(j, f); })(window, document, 'script', 'dataLayer', 'GTM-TVVHFM'); Přihlásit Menu Nabídky práce Brigády Inspirace Zaměstnavatelé Vytvořit si životopis Nové Napište si skvělý životopis. Můžete si ho uložit, vytisknout nebo poslat do světa. Přihlásit Pro firmy Close Nabídky práce Brigády Inspirace Zaměstnavatelé Vytvořit si životopis Nové Přihlásit Pro firmy Close Přihlásit Pro firmy Nabídky ",,marketing-leadership,Marketing agency (full-stack content + ads + automation),CMO,https://www.jobs.cz/rpd/2001184266/?searchId=599193b9-aad2-4423-84a5-11bdb4b480e2&rps=233 | https://www.jobs.cz/rpd/2001203762/?searchId=599193b9-aad2-4423-84a5-11bdb4b480e2&rps=233,29443237,CZ29443237,Michalská 2030 Ostrava 71000,Ostrava,71000,68200,Reality,112,2012,,https://ares.gov.cz/ekonomicke-subjekty/?ico=29443237,"BEWIT Natural Medicine, s.r.o."
"Privatbanka, a.s., pobočka Česká republika",ai_ml,AI/ML hire,37,0,1,1,,,,966596917,,https://www.jobs.cz/rpd/2001165661/?searchId=7602876d-424f-414f-a1a4-c581717302c1&rps=233,Head of data AI,,Praha – Nové Město,,,"Head of data AI – Privatbanka, a.s., pobočka Česká republika var jobs = jobs || {}; jobs.areLinksAbsolute = false; jobs.fosRoutingUpdateScheme = function (routes) { var protocol = window.location.protocol; routes.scheme = protocol.substring(0, protocol.length - 1); fos.Router.setData(routes); }; jobs.isDevEnvironment = false; jobs.isInternalRequest = false; jobs.isJobAdEmailOfferingEnabled = true; jobs.isPreview = false; jobs.isRecommendationEnabled = true; jobs.isSendingInteractionsEnabled = false; jobs.isTemporaryJob = false; jobs.isUserLoggedIn = false; jobs.locale = ""cs""; jobs.sessionLog = {}; jobs.sessionLog.timeId = ""afb606c7-6d05-4f4d-a25f-6f99185efda0""; jobs.userId = """"; window.dataLayer = window.dataLayer || []; jobs.adVariant = 'PD'; (function (w, d, s, l, i) { w[l] = w[l] || []; w[l].push({'gtm.start': new Date().getTime(), event: 'gtm.js'}); var f = d.getElementsByTagName(s)[0], j = d.createElement(s), dl = l != 'dataLayer' ? '&l=' + l : ''; j.async = true; j.src = '//www.googletagmanager.com/gtm.js?id=' + i + dl; f.parentNode.insertBefore(j, f); })(window, document, 'script', 'dataLayer', 'GTM-TVVHFM'); Přihlásit Menu Nabídky práce Brigády Inspirace Zaměstnavatelé Vytvořit si životopis Nové Napište si skvělý životopis. Můžete si ho uložit, vytisknout nebo poslat do světa. Přihlásit Pro firmy Close Nabídky práce Brigády Inspirace Zaměstnavatelé Vytvořit si životopis Nové Přihlásit Pro firmy Close Přihlásit Pro firmy Nabídky práce Nabídky práce Detail nabídky Head ",,data-ai-leadership,"AI agent build + retainer (30-300k Kč build, 15-300k/měs)",Head of data,https://www.jobs.cz/rpd/2001165661/?searchId=7602876d-424f-414f-a1a4-c581717302c1&rps=233,06718159,CZ684324786,Na Florenci 2139 Praha 11000,Praha,11000,64190,Finanční služby,421,2018,,https://ares.gov.cz/ekonomicke-subjekty/?ico=06718159,"Privatbanka, a.s., pobočka Česká republika"
Messer Technogas s.r.o.,fundraising,Fundraising / IR / Capital Markets,37,0,2,1,,,,966596917,,https://www.jobs.cz/rpd/2001197171/?searchId=8ae2420a-31f3-491e-a02c-c08b7c681611&rps=233,CFO CZ/Finanční ředitel/ka pro CZ,,Praha – Braník,,,"CFO CZ/Finanční ředitel/ka pro CZ – Messer Technogas s.r.o. var jobs = jobs || {}; jobs.areLinksAbsolute = false; jobs.fosRoutingUpdateScheme = function (routes) { var protocol = window.location.protocol; routes.scheme = protocol.substring(0, protocol.length - 1); fos.Router.setData(routes); }; jobs.isDevEnvironment = false; jobs.isInternalRequest = false; jobs.isJobAdEmailOfferingEnabled = true; jobs.isPreview = false; jobs.isRecommendationEnabled = true; jobs.isSendingInteractionsEnabled = false; jobs.isTemporaryJob = false; jobs.isUserLoggedIn = false; jobs.locale = ""cs""; jobs.sessionLog = {}; jobs.sessionLog.timeId = ""c6713881-ad4c-42f4-a400-f56c3876dd2c""; jobs.userId = """"; window.dataLayer = window.dataLayer || []; jobs.adVariant = 'PD'; (function (w, d, s, l, i) { w[l] = w[l] || []; w[l].push({'gtm.start': new Date().getTime(), event: 'gtm.js'}); var f = d.getElementsByTagName(s)[0], j = d.createElement(s), dl = l != 'dataLayer' ? '&l=' + l : ''; j.async = true; j.src = '//www.googletagmanager.com/gtm.js?id=' + i + dl; f.parentNode.insertBefore(j, f); })(window, document, 'script', 'dataLayer', 'GTM-TVVHFM'); Přihlásit Menu Nabídky práce Brigády Inspirace Zaměstnavatelé Vytvořit si životopis Nové Napište si skvělý životopis. Můžete si ho uložit, vytisknout nebo poslat do světa. Přihlásit Pro firmy Close Nabídky práce Brigády Inspirace Zaměstnavatelé Vytvořit si životopis Nové Přihlásit Pro firmy Close Přihlásit Pro firmy Nabídky práce Nabídky práce Detail nabídky CFO CZ",,finance-banking,OneFlow DD + investor relations + fundraising prep,CFO,https://www.jobs.cz/rpd/2001197171/?searchId=8ae2420a-31f3-491e-a02c-c08b7c681611&rps=233,40764788,CZ40764788,Zelený pruh 1560 Praha 14000,Praha,14000,711,Architektura+inženýrství,112,1991,,https://ares.gov.cz/ekonomicke-subjekty/?ico=40764788,Messer Technogas s.r.o.
THALOR Group a.s.,fundraising,Fundraising / IR / Capital Markets,37,0,2,1,,,,966596917,,https://www.jobs.cz/rpd/2001118673/?searchId=4887ea8a-cae7-43b2-92bf-82b62692bef7&rps=233,CFO - Chief Financial Officer,,Mohelnice,,,"CFO - Chief Financial Officer – THALOR Group a.s. var jobs = jobs || {}; jobs.areLinksAbsolute = false; jobs.fosRoutingUpdateScheme = function (routes) { var protocol = window.location.protocol; routes.scheme = protocol.substring(0, protocol.length - 1); fos.Router.setData(routes); }; jobs.isDevEnvironment = false; jobs.isInternalRequest = false; jobs.isJobAdEmailOfferingEnabled = true; jobs.isPreview = false; jobs.isRecommendationEnabled = true; jobs.isSendingInteractionsEnabled = false; jobs.isTemporaryJob = false; jobs.isUserLoggedIn = false; jobs.locale = ""cs""; jobs.sessionLog = {}; jobs.sessionLog.timeId = ""062f2926-7585-42c2-98c2-5570087e67eb""; jobs.userId = """"; window.dataLayer = window.dataLayer || []; jobs.adVariant = 'PD'; (function (w, d, s, l, i) { w[l] = w[l] || []; w[l].push({'gtm.start': new Date().getTime(), event: 'gtm.js'}); var f = d.getElementsByTagName(s)[0], j = d.createElement(s), dl = l != 'dataLayer' ? '&l=' + l : ''; j.async = true; j.src = '//www.googletagmanager.com/gtm.js?id=' + i + dl; f.parentNode.insertBefore(j, f); })(window, document, 'script', 'dataLayer', 'GTM-TVVHFM'); Přihlásit Menu Nabídky práce Brigády Inspirace Zaměstnavatelé Vytvořit si životopis Nové Napište si skvělý životopis. Můžete si ho uložit, vytisknout nebo poslat do světa. Přihlásit Pro firmy Close Nabídky práce Brigády Inspirace Zaměstnavatelé Vytvořit si životopis Nové Přihlásit Pro firmy Close Přihlásit Pro firmy Nabídky práce Nabídky práce Detail nabídky CFO - Chief Fina",,finance-banking,OneFlow DD + investor relations + fundraising prep,CFO,https://www.jobs.cz/rpd/2001118673/?searchId=4887ea8a-cae7-43b2-92bf-82b62692bef7&rps=233,17523451,CZ17523451,Aditivní 1443 Mohelnice 78985,Mohelnice,78985,00,,121,2022,,https://ares.gov.cz/ekonomicke-subjekty/?ico=17523451,THALOR Group a.s.
iNET Solutions s.r.o.,paid_media,Paid media specialist,37,5,1,1,jobs.cz,,,966596917,,https://www.jobs.cz/rpd/2001173556/?searchId=ef3b2a56-45aa-407f-ba2d-62568c71e940&rps=233,PERFORMANCE MARKETING SPECIALIST,,Praha – Hostivař,,,"PERFORMANCE MARKETING SPECIALIST – iNET Solutions s.r.o. var jobs = jobs || {}; jobs.areLinksAbsolute = false; jobs.fosRoutingUpdateScheme = function (routes) { var protocol = window.location.protocol; routes.scheme = protocol.substring(0, protocol.length - 1); fos.Router.setData(routes); }; jobs.isDevEnvironment = false; jobs.isInternalRequest = false; jobs.isJobAdEmailOfferingEnabled = true; jobs.isPreview = false; jobs.isRecommendationEnabled = true; jobs.isSendingInteractionsEnabled = false; jobs.isTemporaryJob = false; jobs.isUserLoggedIn = false; jobs.locale = ""cs""; jobs.sessionLog = {}; jobs.sessionLog.timeId = ""aa365095-e8f9-4ddc-a1e7-173f8d2278cf""; jobs.userId = """"; window.dataLayer = window.dataLayer || []; jobs.adVariant = 'PD'; (function (w, d, s, l, i) { w[l] = w[l] || []; w[l].push({'gtm.start': new Date().getTime(), event: 'gtm.js'}); var f = d.getElementsByTagName(s)[0], j = d.createElement(s), dl = l != 'dataLayer' ? '&l=' + l : ''; j.async = true; j.src = '//www.googletagmanager.com/gtm.js?id=' + i + dl; f.parentNode.insertBefore(j, f); })(window, document, 'script', 'dataLayer', 'GTM-TVVHFM'); Přihlásit Menu Nabídky práce Brigády Inspirace Zaměstnavatelé Vytvořit si životopis Nové Napište si skvělý životopis. Můžete si ho uložit, vytisknout nebo poslat do světa. Přihlásit Pro firmy Close Nabídky práce Brigády Inspirace Zaměstnavatelé Vytvořit si životopis Nové Přihlásit Pro firmy Close Přihlásit Pro firmy Nabídky práce Nabídky práce Detail nabídky PERFORMAN",,icp-paid-media,Meta Ads / Google Ads agency (25-50k Kč/měs retainer),PERFORMANCE MARKETING,https://www.jobs.cz/rpd/2001173556/?searchId=ef3b2a56-45aa-407f-ba2d-62568c71e940&rps=233,26775751,CZ26775751,Hostivařská 92 Praha 10200,Praha,10200,18130,,112,2003,,https://ares.gov.cz/ekonomicke-subjekty/?ico=26775751,iNET Solutions s.r.o.
PŘEDVÝBĚR.CZ a.s.,paid_media,Paid media specialist,37,5,1,1,jobs.cz,,,966596917,,https://www.jobs.cz/rpd/2001109173/?searchId=bab040a2-7e52-408f-a056-ed1b3609de66&rps=233,Performance Marketing Specialist (Specialista/ka výkonnostního marketingu),,Praha – Žižkov,,,"Performance Marketing Specialist (Specialista/ka výkonnostního marketingu) – PŘEDVÝBĚR.CZ a.s. var jobs = jobs || {}; jobs.areLinksAbsolute = false; jobs.fosRoutingUpdateScheme = function (routes) { var protocol = window.location.protocol; routes.scheme = protocol.substring(0, protocol.length - 1); fos.Router.setData(routes); }; jobs.isDevEnvironment = false; jobs.isInternalRequest = false; jobs.isJobAdEmailOfferingEnabled = true; jobs.isPreview = false; jobs.isRecommendationEnabled = true; jobs.isSendingInteractionsEnabled = false; jobs.isTemporaryJob = false; jobs.isUserLoggedIn = false; jobs.locale = ""cs""; jobs.sessionLog = {}; jobs.sessionLog.timeId = ""29d502ec-43ff-4e7c-a303-9c30afbbd3a9""; jobs.userId = """"; window.dataLayer = window.dataLayer || []; jobs.adVariant = 'PD'; (function (w, d, s, l, i) { w[l] = w[l] || []; w[l].push({'gtm.start': new Date().getTime(), event: 'gtm.js'}); var f = d.getElementsByTagName(s)[0], j = d.createElement(s), dl = l != 'dataLayer' ? '&l=' + l : ''; j.async = true; j.src = '//www.googletagmanager.com/gtm.js?id=' + i + dl; f.parentNode.insertBefore(j, f); })(window, document, 'script', 'dataLayer', 'GTM-TVVHFM'); Přihlásit Menu Nabídky práce Brigády Inspirace Zaměstnavatelé Vytvořit si životopis Nové Napište si skvělý životopis. Můžete si ho uložit, vytisknout nebo poslat do světa. Přihlásit Pro firmy Close Nabídky práce Brigády Inspirace Zaměstnavatelé Vytvořit si životopis Nové Přihlásit Pro firmy Close Přihlásit Pro firmy Nabídky práce ",,icp-paid-media,Meta Ads / Google Ads agency (25-50k Kč/měs retainer),Performance Marketing,https://www.jobs.cz/rpd/2001109173/?searchId=bab040a2-7e52-408f-a056-ed1b3609de66&rps=233,21623422,CZ21623422,Na Kozačce 1289 Praha 12000,Praha,12000,00,,121,2024,,https://ares.gov.cz/ekonomicke-subjekty/?ico=21623422,PŘEDVÝBĚR.CZ a.s.
"Sprinx Systems, a.s.",paid_media,Paid media specialist,37,5,1,1,jobs.cz,,,966596917,,https://www.jobs.cz/rpd/2001179621/?searchId=1952ad69-bf1e-448c-baa6-eabf50402608&rps=233,Performance Marketing Specialist (B2B),,Praha – Braník,,,"Performance Marketing Specialist (B2B) – Sprinx Systems, a.s. var jobs = jobs || {}; jobs.areLinksAbsolute = false; jobs.fosRoutingUpdateScheme = function (routes) { var protocol = window.location.protocol; routes.scheme = protocol.substring(0, protocol.length - 1); fos.Router.setData(routes); }; jobs.isDevEnvironment = false; jobs.isInternalRequest = false; jobs.isJobAdEmailOfferingEnabled = true; jobs.isPreview = false; jobs.isRecommendationEnabled = true; jobs.isSendingInteractionsEnabled = false; jobs.isTemporaryJob = false; jobs.isUserLoggedIn = false; jobs.locale = ""cs""; jobs.sessionLog = {}; jobs.sessionLog.timeId = ""b7a07606-9054-483a-9a0e-acd525d3089d""; jobs.userId = """"; window.dataLayer = window.dataLayer || []; jobs.adVariant = 'PD'; (function (w, d, s, l, i) { w[l] = w[l] || []; w[l].push({'gtm.start': new Date().getTime(), event: 'gtm.js'}); var f = d.getElementsByTagName(s)[0], j = d.createElement(s), dl = l != 'dataLayer' ? '&l=' + l : ''; j.async = true; j.src = '//www.googletagmanager.com/gtm.js?id=' + i + dl; f.parentNode.insertBefore(j, f); })(window, document, 'script', 'dataLayer', 'GTM-TVVHFM'); Přihlásit Menu Nabídky práce Brigády Inspirace Zaměstnavatelé Vytvořit si životopis Nové Napište si skvělý životopis. Můžete si ho uložit, vytisknout nebo poslat do světa. Přihlásit Pro firmy Close Nabídky práce Brigády Inspirace Zaměstnavatelé Vytvořit si životopis Nové Přihlásit Pro firmy Close Přihlásit Pro firmy Nabídky práce Nabídky práce Detail nabídky Perf",,icp-paid-media,Meta Ads / Google Ads agency (25-50k Kč/měs retainer),Performance Marketing,https://www.jobs.cz/rpd/2001179621/?searchId=1952ad69-bf1e-448c-baa6-eabf50402608&rps=233,26770211,CZ26770211,Údolní 212 Praha 14700,Praha,14700,582,Vydavatelství,121,2003,,https://ares.gov.cz/ekonomicke-subjekty/?ico=26770211,"Sprinx Systems,  a.s."
Wultra s.r.o.,paid_media,Paid media specialist,37,5,1,1,jobs.cz,,,966596917,,https://www.jobs.cz/rpd/2001180142/?searchId=37fe5f48-7e17-456a-a005-29ced4a7c803&rps=233,Demand Generation Manager (B2B),,Hlavní město Praha,,,"Demand Generation Manager (B2B) – Wultra s.r.o. var jobs = jobs || {}; jobs.areLinksAbsolute = false; jobs.fosRoutingUpdateScheme = function (routes) { var protocol = window.location.protocol; routes.scheme = protocol.substring(0, protocol.length - 1); fos.Router.setData(routes); }; jobs.isDevEnvironment = false; jobs.isInternalRequest = false; jobs.isJobAdEmailOfferingEnabled = true; jobs.isPreview = false; jobs.isRecommendationEnabled = true; jobs.isSendingInteractionsEnabled = false; jobs.isTemporaryJob = false; jobs.isUserLoggedIn = false; jobs.locale = ""cs""; jobs.sessionLog = {}; jobs.sessionLog.timeId = ""384ed6bc-fc06-440e-887d-7a8b0947b2e6""; jobs.userId = """"; window.dataLayer = window.dataLayer || []; jobs.adVariant = 'PD'; (function (w, d, s, l, i) { w[l] = w[l] || []; w[l].push({'gtm.start': new Date().getTime(), event: 'gtm.js'}); var f = d.getElementsByTagName(s)[0], j = d.createElement(s), dl = l != 'dataLayer' ? '&l=' + l : ''; j.async = true; j.src = '//www.googletagmanager.com/gtm.js?id=' + i + dl; f.parentNode.insertBefore(j, f); })(window, document, 'script', 'dataLayer', 'GTM-TVVHFM'); Přihlásit Menu Nabídky práce Brigády Inspirace Zaměstnavatelé Vytvořit si životopis Nové Napište si skvělý životopis. Můžete si ho uložit, vytisknout nebo poslat do světa. Přihlásit Pro firmy Close Nabídky práce Brigády Inspirace Zaměstnavatelé Vytvořit si životopis Nové Přihlásit Pro firmy Close Přihlásit Pro firmy Nabídky práce Nabídky práce Detail nabídky Demand Generation ",,icp-paid-media,Meta Ads / Google Ads agency (25-50k Kč/měs retainer),Demand Generation,https://www.jobs.cz/rpd/2001180142/?searchId=37fe5f48-7e17-456a-a005-29ced4a7c803&rps=233,03643174,CZ03643174,Bělehradská 858 Praha 12000,Praha,12000,72100,Výzkum a vývoj,112,2014,,https://ares.gov.cz/ekonomicke-subjekty/?ico=03643174,Wultra s.r.o.
Notino s.r.o.,paid_media,Paid media specialist,37,5,1,1,jobs.cz,pomuzeme@teamio.com,pomuzeme@teamio.com,966596917,,https://www.jobs.cz/rpd/2001203876/?searchId=3894bdd1-1436-41df-9887-228e350708c6&rps=233,Meta Ads Specialist,,Brno – Štýřice + 1 další lokalita,,,"Detail pozice | Notino (function(w,d,s,l,i){w[l]=w[l]||[];w[l].push({'gtm.start': new Date().getTime(),event:'gtm.js'});var f=d.getElementsByTagName(s)[0], j=d.createElement(s),dl=l!='dataLayer'?'&l='+l:'';j.async=true;j.src= 'https://www.googletagmanager.com/gtm.js?id='+i+dl;f.parentNode.insertBefore(j,f); })(window,document,'script','dataLayer',""GTM-TVVHFM""); .cc_div { font-size: 14px; } const NECESSARY_COOKIES = [ 'lmc_ccm', 'lmc_ccm_jobs', ]; const PERSONALIZATION_COOKIES = [ 'jobs_user_id', ]; function deleteCookie(name) { document.cookie = name + '=; Path=/; Domain=' + '.jobs.cz' + '; Expires=Thu, 01 Jan 1970 00:00:01 GMT;'; document.cookie = name +'=; Path=/; Domain=' + location.hostname + '; Expires=Thu, 01 Jan 1970 00:00:01 GMT;'; document.cookie = name +'=; Path=/; Expires=Thu, 01 Jan 1970 00:00:01 GMT;'; } function deletePersonalizationCookies() { for (let index = 0; index -1 ? cookie.substr(0, eqPos) : cookie; let canDelete = true; cookiesToKeep.forEach(function(necessaryCookie) { if (name.trim().indexOf(necessaryCookie) !== -1) { canDelete = false; } }); if (canDelete) { deleteCookie(name) } } } function deleteCookies(cookieConsent) { let cookiesToKeep = NECESSARY_COOKIES; if (cookieConsent.allowedCategory('personalization')) { cookiesToKeep.concat(PERSONALIZATION_COOKIES); } else { deletePersonalizationCookies(); } if (!cookieConsent.allowedCategory('analytics')) { deleteAnalyticsCookies(cookiesToKeep); } } function detectLang() { const MISSING_LANG_ATTRIBUTE_FA",,icp-paid-media,Meta Ads / Google Ads agency (25-50k Kč/měs retainer),Meta Ads,https://www.jobs.cz/rpd/2001203876/?searchId=3894bdd1-1436-41df-9887-228e350708c6&rps=233,27609057,CZ27609057,Londýnské náměstí 881 Brno 63900,Brno,63900,63,Informační služby,112,2006,,https://ares.gov.cz/ekonomicke-subjekty/?ico=27609057,"Notino, s.r.o."
"mBlue Czech, s.r.o.",fundraising,Fundraising / IR / Capital Markets,34,0,1,2,,,,604 301 541,,https://www.jobs.cz/rpd/2001178108/?searchId=bcbd2e46-8898-4734-8b3d-3d8497114dba&rps=233,⋙CFO – Transformace technologické skupiny s unikáním know-how⋘ | ⋙Finanční controller - možnost seberealizace⋘,,"Hlavní město Praha, okres Písek",,,"⋙CFO – Transformace technologické skupiny s unikáním know-how⋘ – mBlue Czech, s.r.o. var jobs = jobs || {}; jobs.areLinksAbsolute = false; jobs.fosRoutingUpdateScheme = function (routes) { var protocol = window.location.protocol; routes.scheme = protocol.substring(0, protocol.length - 1); fos.Router.setData(routes); }; jobs.isDevEnvironment = false; jobs.isInternalRequest = false; jobs.isJobAdEmailOfferingEnabled = true; jobs.isPreview = false; jobs.isRecommendationEnabled = true; jobs.isSendingInteractionsEnabled = false; jobs.isTemporaryJob = false; jobs.isUserLoggedIn = false; jobs.locale = ""cs""; jobs.sessionLog = {}; jobs.sessionLog.timeId = ""8755d617-f642-49fc-9baf-d174730682df""; jobs.userId = """"; window.dataLayer = window.dataLayer || []; jobs.adVariant = 'PD'; (function (w, d, s, l, i) { w[l] = w[l] || []; w[l].push({'gtm.start': new Date().getTime(), event: 'gtm.js'}); var f = d.getElementsByTagName(s)[0], j = d.createElement(s), dl = l != 'dataLayer' ? '&l=' + l : ''; j.async = true; j.src = '//www.googletagmanager.com/gtm.js?id=' + i + dl; f.parentNode.insertBefore(j, f); })(window, document, 'script', 'dataLayer', 'GTM-TVVHFM'); Přihlásit Menu Nabídky práce Brigády Inspirace Zaměstnavatelé Vytvořit si životopis Nové Napište si skvělý životopis. Můžete si ho uložit, vytisknout nebo poslat do světa. Přihlásit Pro firmy Close Nabídky práce Brigády Inspirace Zaměstnavatelé Vytvořit si životopis Nové Přihlásit Pro firmy Close Přihlásit Pro firmy Nabídky práce Nabídky pr",,finance-banking,OneFlow DD + investor relations + fundraising prep,CFO,https://www.jobs.cz/rpd/2001178108/?searchId=bcbd2e46-8898-4734-8b3d-3d8497114dba&rps=233 | https://www.jobs.cz/rpd/2001173602/?searchId=a24d5525-6f41-4d7e-ad0d-97c45583bfc0&rps=233,24193119,CZ24193119,Bucharova 2641 Praha 15800,Praha,15800,60310,Vysílání,112,2011,,https://ares.gov.cz/ekonomicke-subjekty/?ico=24193119,"mBlue Czech, s.r.o."
Olikla s.r.o.,content_social,Content / Social Media,34,0,1,2,"jobs.cz, prace.cz",,,966596917,,https://www.jobs.cz/rpd/2001189678/?searchId=58aed452-3ab4-4110-aa0d-ea4148847ba7&rps=233,Marketing & Brand Manager ve farmacii,,Kostelec nad Černými lesy,,,"Marketing & Brand Manager ve farmacii"",""id"":""2001189678"",""price"":""1.00"",""brand"":""Olikla s.r.o. 1700016223"",""category"":""JD\/Farmacie-Marketing-Média, reklama a PR\/Product Manager-Marketingová komunikace-Marketingový analytik-Marketingový ředitel*manažer-Brand manager"",""variant"":""PD"",""dimension23"":""no_badge""}]}},""event"":""showDetail""}); jobs.sendRecommendationInteraction( ""\/api\/recommendation-interactions\/detailviews\/2001189678\/"" ); jobs.adId = ""2001189678""; jobs.adName = ""Marketing & Brand Manager ve farmacii""; jobs.isSalaryVisible = true; jobs.search = { 'state': {""agent"":{""userId"":"""",""userEmail"":"""",""label"":""Marketing & Brand Manager ve farmacii"",""interests"":[{""id"":200900046,""type"":""field"",""label"":""Farmacie""},{""id"":200900017,""type"":""field"",""label"":""Marketing""},{""id"":200900018,""type"":""field"",""label"":""M\u00e9dia, reklama a PR""},{""id"":201100247,""type"":""profession"",""label"":""Product Manager""},{""id"":201100153,""type"":""profession"",""label"":""Marketingov\u00e1 komunikace""},{""id"":201100155,""type"":""profession"",""label"":""Marketingov\u00fd analytik""},{""id"":201100156,""type"":""profession"",""label"":""Marketingov\u00fd \u0159editel\/mana\u017eer""},{""id"":201100028,""type"":""profession"",""label"":""Brand manager""}],""locality"":{""id"":""M211283"",""label"":""n\u00e1m\u011bst\u00ed Smi\u0159ick\u00fdch 42, Kostelec nad \u010cern\u00fdmi lesy"",""coords"":""""}},""interest"":{""selected"":[{""value"":""200900046"",""label"":""Farmacie"",""type"":""field"",""highlightFrom"":null,""highlightTo"":null},{""value"":""200900017"",""label"":""Marke",,"smoke-multi, smoke-prace, smoke-test",Content automation pipeline + social media management,Brand Manager,https://www.jobs.cz/rpd/2001189678/?searchId=58aed452-3ab4-4110-aa0d-ea4148847ba7&rps=233 | https://www.prace.cz/nabidka/16172d27-93b9-4e47-9ca0-45f0c778e998/?rps=2077,28177738,CZ28177738,náměstí Smiřických 42 Kostelec nad Černými lesy 28163,Kostelec nad Černými lesy,28163,47780,Maloobchod,112,2007,,https://ares.gov.cz/ekonomicke-subjekty/?ico=28177738,Olikla s.r.o.
"Středočeské inovační centrum, spolek",marketing_leader,Marketing leadership,32,0,1,1,jobs.cz,,,966596917,,https://www.jobs.cz/rpd/2001203138/?searchId=599193b9-aad2-4423-84a5-11bdb4b480e2&rps=233,Head of Marketing & Communication,,Praha – Smíchov,,,"Head of Marketing & Communication"",""id"":""2001203138"",""price"":""1.00"",""brand"":""Středočeské inovační centrum, spolek 1700027855"",""category"":""JD\/Marketing\/Direct Marketing-Marketingový ředitel*manažer-Project Manager-Specialista marketingu"",""variant"":""PD"",""dimension23"":""badge""}]}},""event"":""showDetail""}); jobs.sendRecommendationInteraction( ""\/api\/recommendation-interactions\/detailviews\/2001203138\/"" ); jobs.adId = ""2001203138""; jobs.adName = ""Head of Marketing & Communication""; jobs.isSalaryVisible = false; jobs.search = { 'state': {""agent"":{""userId"":"""",""userEmail"":"""",""label"":""Head of Marketing & Communication"",""interests"":[{""id"":200900017,""type"":""field"",""label"":""Marketing""},{""id"":201100241,""type"":""profession"",""label"":""Direct Marketing""},{""id"":201100156,""type"":""profession"",""label"":""Marketingov\u00fd \u0159editel\/mana\u017eer""},{""id"":201100248,""type"":""profession"",""label"":""Project Manager""},{""id"":201100291,""type"":""profession"",""label"":""Specialista marketingu""}],""locality"":{""id"":""M200002"",""label"":""Strakonick\u00e1 3367, Praha \u2013 Sm\u00edchov"",""coords"":""""}},""interest"":{""selected"":[{""value"":""200900017"",""label"":""Marketing"",""type"":""field"",""highlightFrom"":null,""highlightTo"":null},{""value"":""201100241"",""label"":""Direct Marketing"",""type"":""profession"",""highlightFrom"":null,""highlightTo"":null},{""value"":""201100156"",""label"":""Marketingov\u00fd \u0159editel\/mana\u017eer"",""type"":""profession"",""highlightFrom"":null,""highlightTo"":null},{""value"":""201100248"",""label"":""Project Manager"",""type"":""pro",,"marketing-leadership, smoke-test",Marketing agency (full-stack content + ads + automation),Head of Marketing,https://www.jobs.cz/rpd/2001203138/?searchId=599193b9-aad2-4423-84a5-11bdb4b480e2&rps=233,04228235,CZ04228235,Strakonická 3367 Praha 15000,Praha,15000,77220,Pronájmy,706,2015,,https://ares.gov.cz/ekonomicke-subjekty/?ico=04228235,"Středočeské inovační centrum, spolek"
"delicado kingdom, s. r. o.",marketing_leader,Marketing leadership,32,0,1,1,jobs.cz,,,966596917,,https://www.jobs.cz/rpd/2001171912/?searchId=599193b9-aad2-4423-84a5-11bdb4b480e2&rps=233,Head of Marketing v Aromaniac,100 000 Kč,Praha – Nové Město,,,"Head of Marketing v Aromaniac – delicado kingdom, s. r. o. var jobs = jobs || {}; jobs.areLinksAbsolute = false; jobs.fosRoutingUpdateScheme = function (routes) { var protocol = window.location.protocol; routes.scheme = protocol.substring(0, protocol.length - 1); fos.Router.setData(routes); }; jobs.isDevEnvironment = false; jobs.isInternalRequest = false; jobs.isJobAdEmailOfferingEnabled = true; jobs.isPreview = false; jobs.isRecommendationEnabled = true; jobs.isSendingInteractionsEnabled = false; jobs.isTemporaryJob = false; jobs.isUserLoggedIn = false; jobs.locale = ""cs""; jobs.sessionLog = {}; jobs.sessionLog.timeId = ""406fd031-b9f0-4bb5-be3d-4b0ad3cd5244""; jobs.userId = """"; window.dataLayer = window.dataLayer || []; jobs.adVariant = 'PD'; (function (w, d, s, l, i) { w[l] = w[l] || []; w[l].push({'gtm.start': new Date().getTime(), event: 'gtm.js'}); var f = d.getElementsByTagName(s)[0], j = d.createElement(s), dl = l != 'dataLayer' ? '&l=' + l : ''; j.async = true; j.src = '//www.googletagmanager.com/gtm.js?id=' + i + dl; f.parentNode.insertBefore(j, f); })(window, document, 'script', 'dataLayer', 'GTM-TVVHFM'); Přihlásit Menu Nabídky práce Brigády Inspirace Zaměstnavatelé Vytvořit si životopis Nové Napište si skvělý životopis. Můžete si ho uložit, vytisknout nebo poslat do světa. Přihlásit Pro firmy Close Nabídky práce Brigády Inspirace Zaměstnavatelé Vytvořit si životopis Nové Přihlásit Pro firmy Close Přihlásit Pro firmy Nabídky práce Nabídky práce Detail nabídky Head of",,"marketing-leadership, smoke-test",Marketing agency (full-stack content + ads + automation),Head of Marketing,https://www.jobs.cz/rpd/2001171912/?searchId=599193b9-aad2-4423-84a5-11bdb4b480e2&rps=233,03607143,CZ03607143,Chudenická 1059 Praha 10200,Praha,10200,62,IT služby + software,112,2014,,https://ares.gov.cz/ekonomicke-subjekty/?ico=03607143,"delicado kingdom, s. r. o."
"ACEMA Credit Czech, a.s.",marketing_leader,Marketing leadership,32,0,1,1,jobs.cz,,,966596917,,https://www.jobs.cz/rpd/2001120037/?searchId=27e878c6-780a-49df-8852-77a4c986a9e8&rps=233,Head of Marketing - Challenge Banks with AI & Data,,Praha – Libeň,,,"Head of Marketing - Challenge Banks with AI &amp; Data – ACEMA Credit Czech, a.s. var jobs = jobs || {}; jobs.areLinksAbsolute = false; jobs.fosRoutingUpdateScheme = function (routes) { var protocol = window.location.protocol; routes.scheme = protocol.substring(0, protocol.length - 1); fos.Router.setData(routes); }; jobs.isDevEnvironment = false; jobs.isInternalRequest = false; jobs.isJobAdEmailOfferingEnabled = true; jobs.isPreview = false; jobs.isRecommendationEnabled = true; jobs.isSendingInteractionsEnabled = false; jobs.isTemporaryJob = false; jobs.isUserLoggedIn = false; jobs.locale = ""cs""; jobs.sessionLog = {}; jobs.sessionLog.timeId = ""879444bf-d968-436f-a0e0-2aad2ec74916""; jobs.userId = """"; window.dataLayer = window.dataLayer || []; jobs.adVariant = 'PD'; (function (w, d, s, l, i) { w[l] = w[l] || []; w[l].push({'gtm.start': new Date().getTime(), event: 'gtm.js'}); var f = d.getElementsByTagName(s)[0], j = d.createElement(s), dl = l != 'dataLayer' ? '&l=' + l : ''; j.async = true; j.src = '//www.googletagmanager.com/gtm.js?id=' + i + dl; f.parentNode.insertBefore(j, f); })(window, document, 'script', 'dataLayer', 'GTM-TVVHFM'); Přihlásit Menu Nabídky práce Brigády Inspirace Zaměstnavatelé Vytvořit si životopis Nové Napište si skvělý životopis. Můžete si ho uložit, vytisknout nebo poslat do světa. Přihlásit Pro firmy Close Nabídky práce Brigády Inspirace Zaměstnavatelé Vytvořit si životopis Nové Přihlásit Pro firmy Close Přihlásit Pro firmy Nabídky práce Nabídky práce",,"marketing-leadership, smoke-test",Marketing agency (full-stack content + ads + automation),Head of Marketing,https://www.jobs.cz/rpd/2001120037/?searchId=27e878c6-780a-49df-8852-77a4c986a9e8&rps=233,26158761,CZ26158761,U libeňského pivovaru 63 Praha 18000,Praha,18000,66190,Pomocné finanční služby,121,2000,,https://ares.gov.cz/ekonomicke-subjekty/?ico=26158761,"ACEMA Credit Czech, a.s."
Augustine Services s.r.o.,marketing_leader,Marketing leadership,32,0,1,1,jobs.cz,,,775 855 106,,https://www.jobs.cz/rpd/2001191768/?searchId=27e878c6-780a-49df-8852-77a4c986a9e8&rps=233,MARKETING DIRECTOR - 5* Augustine Hotel Prague,,Praha – Malá Strana,,,"MARKETING DIRECTOR - 5* Augustine Hotel Prague – Augustine Services s.r.o. var jobs = jobs || {}; jobs.areLinksAbsolute = false; jobs.fosRoutingUpdateScheme = function (routes) { var protocol = window.location.protocol; routes.scheme = protocol.substring(0, protocol.length - 1); fos.Router.setData(routes); }; jobs.isDevEnvironment = false; jobs.isInternalRequest = false; jobs.isJobAdEmailOfferingEnabled = true; jobs.isPreview = false; jobs.isRecommendationEnabled = true; jobs.isSendingInteractionsEnabled = false; jobs.isTemporaryJob = false; jobs.isUserLoggedIn = false; jobs.locale = ""cs""; jobs.sessionLog = {}; jobs.sessionLog.timeId = ""12434fb9-82e0-4ff5-8870-41897527b940""; jobs.userId = """"; window.dataLayer = window.dataLayer || []; jobs.adVariant = 'FP'; (function (w, d, s, l, i) { w[l] = w[l] || []; w[l].push({'gtm.start': new Date().getTime(), event: 'gtm.js'}); var f = d.getElementsByTagName(s)[0], j = d.createElement(s), dl = l != 'dataLayer' ? '&l=' + l : ''; j.async = true; j.src = '//www.googletagmanager.com/gtm.js?id=' + i + dl; f.parentNode.insertBefore(j, f); })(window, document, 'script', 'dataLayer', 'GTM-TVVHFM'); Přihlásit Menu Nabídky práce Brigády Inspirace Zaměstnavatelé Vytvořit si životopis Nové Napište si skvělý životopis. Můžete si ho uložit, vytisknout nebo poslat do světa. Přihlásit Pro firmy Close Nabídky práce Brigády Inspirace Zaměstnavatelé Vytvořit si životopis Nové Přihlásit Pro firmy Close Přihlásit Pro firmy Nabídka Pracovní nabídka O nás Vol",,marketing-leadership,Marketing agency (full-stack content + ads + automation),MARKETING DIRECTOR,https://www.jobs.cz/rpd/2001191768/?searchId=27e878c6-780a-49df-8852-77a4c986a9e8&rps=233,22009884,CZ22009884,Letenská 29 Praha 11800,Praha,11800,00,,112,2024,,https://ares.gov.cz/ekonomicke-subjekty/?ico=22009884,Augustine Services s.r.o.
ATI DELICATES s.r.o.,content_social,Content / Social Media,22,0,1,1,jobs.cz,,,966596917,,https://www.jobs.cz/rpd/2001200425/?searchId=5a28f363-fb3b-4c21-97b2-9e842213cb31&rps=233,SENIOR BRAND MANAGER FMCG – odpovědnost za výkon značek CZ & SK,,Nehvizdy,,,"SENIOR BRAND MANAGER FMCG – odpovědnost za výkon značek CZ &amp; SK – ATI DELICATES s.r.o. var jobs = jobs || {}; jobs.areLinksAbsolute = false; jobs.fosRoutingUpdateScheme = function (routes) { var protocol = window.location.protocol; routes.scheme = protocol.substring(0, protocol.length - 1); fos.Router.setData(routes); }; jobs.isDevEnvironment = false; jobs.isInternalRequest = false; jobs.isJobAdEmailOfferingEnabled = true; jobs.isPreview = false; jobs.isRecommendationEnabled = true; jobs.isSendingInteractionsEnabled = false; jobs.isTemporaryJob = false; jobs.isUserLoggedIn = false; jobs.locale = ""cs""; jobs.sessionLog = {}; jobs.sessionLog.timeId = ""604c0dbd-a861-44b9-a628-cfa09f1c2738""; jobs.userId = """"; window.dataLayer = window.dataLayer || []; jobs.adVariant = 'PD'; (function (w, d, s, l, i) { w[l] = w[l] || []; w[l].push({'gtm.start': new Date().getTime(), event: 'gtm.js'}); var f = d.getElementsByTagName(s)[0], j = d.createElement(s), dl = l != 'dataLayer' ? '&l=' + l : ''; j.async = true; j.src = '//www.googletagmanager.com/gtm.js?id=' + i + dl; f.parentNode.insertBefore(j, f); })(window, document, 'script', 'dataLayer', 'GTM-TVVHFM'); Přihlásit Menu Nabídky práce Brigády Inspirace Zaměstnavatelé Vytvořit si životopis Nové Napište si skvělý životopis. Můžete si ho uložit, vytisknout nebo poslat do světa. Přihlásit Pro firmy Close Nabídky práce Brigády Inspirace Zaměstnavatelé Vytvořit si životopis Nové Přihlásit Pro firmy Close Přihlásit Pro firmy Nabídky práce Nabí",,marketing-leadership,Content automation pipeline + social media management,BRAND MANAGER,https://www.jobs.cz/rpd/2001200425/?searchId=5a28f363-fb3b-4c21-97b2-9e842213cb31&rps=233,24825948,CZ24825948,Kubelíkova 1224 Praha 13000,Praha,13000,68200,Reality,112,2011,,https://ares.gov.cz/ekonomicke-subjekty/?ico=24825948,ATI DELICATES s.r.o.
"PHOENIX lékárenský velkoobchod, s.r.o.",content_social,Content / Social Media,22,0,1,1,jobs.cz,,,966596917,,https://www.jobs.cz/rpd/2001021400/?searchId=bcaab8bc-6f6e-48cd-a976-b19d411830b7&rps=233,BRAND MANAGER BENU,,Praha – Hostivař,,,"BRAND MANAGER BENU – PHOENIX lékárenský velkoobchod, s.r.o. var jobs = jobs || {}; jobs.areLinksAbsolute = false; jobs.fosRoutingUpdateScheme = function (routes) { var protocol = window.location.protocol; routes.scheme = protocol.substring(0, protocol.length - 1); fos.Router.setData(routes); }; jobs.isDevEnvironment = false; jobs.isInternalRequest = false; jobs.isJobAdEmailOfferingEnabled = true; jobs.isPreview = false; jobs.isRecommendationEnabled = true; jobs.isSendingInteractionsEnabled = false; jobs.isTemporaryJob = false; jobs.isUserLoggedIn = false; jobs.locale = ""cs""; jobs.sessionLog = {}; jobs.sessionLog.timeId = ""ec3c59ec-0f41-4570-a7fa-216428d27976""; jobs.userId = """"; window.dataLayer = window.dataLayer || []; jobs.adVariant = 'PD'; (function (w, d, s, l, i) { w[l] = w[l] || []; w[l].push({'gtm.start': new Date().getTime(), event: 'gtm.js'}); var f = d.getElementsByTagName(s)[0], j = d.createElement(s), dl = l != 'dataLayer' ? '&l=' + l : ''; j.async = true; j.src = '//www.googletagmanager.com/gtm.js?id=' + i + dl; f.parentNode.insertBefore(j, f); })(window, document, 'script', 'dataLayer', 'GTM-TVVHFM'); Přihlásit Menu Nabídky práce Brigády Inspirace Zaměstnavatelé Vytvořit si životopis Nové Napište si skvělý životopis. Můžete si ho uložit, vytisknout nebo poslat do světa. Přihlásit Pro firmy Close Nabídky práce Brigády Inspirace Zaměstnavatelé Vytvořit si životopis Nové Přihlásit Pro firmy Close Přihlásit Pro firmy Nabídky práce Nabídky práce Detail nabídky BRAND ",,marketing-leadership,Content automation pipeline + social media management,BRAND MANAGER,https://www.jobs.cz/rpd/2001021400/?searchId=bcaab8bc-6f6e-48cd-a976-b19d411830b7&rps=233,45359326,CZ45359326,K pérovně 945 Praha 10200,Praha,10200,46850,Velkoobchod,112,1992,,https://ares.gov.cz/ekonomicke-subjekty/?ico=45359326,"PHOENIX lékárenský velkoobchod, s.r.o."
"Kooperativa pojišťovna, a.s., VIG",content_social,Content / Social Media,22,0,1,1,jobs.cz,pomuzeme@teamio.com,pomuzeme@teamio.com,966596917,,https://www.jobs.cz/rpd/2001181783/?searchId=9ece59ea-6ecd-47a5-b57b-53276645d100&rps=233,Brand manager/ka,,Praha – Karlín,,,"Brand manager/ka Zpět na&nbsp;volná místa Chcete tuto pozici? Pošlete CV! Odpovědět Chceš budovat silnou značku a&nbsp;dělat kampaně, které mají dopad? Ne jen „něco připravovat“ do&nbsp;prezentace. Tak se&nbsp;k nám přidej. Kooperativa je tu proto, aby&nbsp;byla oporou, když&nbsp;život překvapí. A&nbsp;my to&nbsp; umíme říkat lidsky . Věcně. Bez velkých slov . Bez slibů. 🔎 Co u&nbsp;nás budeš dělat: Pohlídáš, kam značka míří: positioning, insighty, konkurence → plán a&nbsp;jasný směr. Pomůžeš držet vizi, misi a&nbsp;hodnoty značky: jak mluví, jak vypadá. A&nbsp;pomůžeš upravit brand manuál, když&nbsp;bude potřeba. Povedeš integrované kampaně 360°: plán → realizace → zhodnocení. Budeš ten člověk, který&nbsp;drží celou věc pohromadě. Budeš řídit interní i&nbsp;externí partnery (kreativa, média, výzkum): zadání → kontrola → připomínky → finále. Bez dramatu. S&nbsp;respektem. Napíšeš komunikační/kampaňový brief. Jasně. Stručně. Tak, aby&nbsp;to v&nbsp;agentuře pochopili. Zajistíš podklady do&nbsp;kampaní: texty i&nbsp;vizuály. A&nbsp;jo – někdy i&nbsp;„tohle logo je o&nbsp;2 mm vedle“. Pohlídáš produkci: video, tisk, OOH, rádio, POS. A&nbsp;když bude potřeba, budeš ten člověk, který&nbsp;řekne: „Stop, tohle už není Kooperativa.“ A ano – ohlídáš jednotnost značky a&nbsp;pravidla (logo, styl, tón, povinné texty). Protože detail rozhoduje. S mediální agenturou a&nbsp;interním analytikem připravíš mediální plán (formáty, nasazení, cílení). Vyhodnotíš kampaň: co jsme chtěli, co se&nbs",,marketing-leadership,Content automation pipeline + social media management,Brand manager,https://www.jobs.cz/rpd/2001181783/?searchId=9ece59ea-6ecd-47a5-b57b-53276645d100&rps=233,,,,,,,,,,,,
